Y;X2;X3;X4;X5;X6
4,515108708;9;9,6;38;1444;1
4,770224195;9;64,3;55;3025;0
3,732270872;9;215,9;49;2401;1
5,879169627;9;365,5;64;4096;0
4,883464582;9;69,1;35;1225;0
4,890526829;9;42,4;28;784;0
4,799467661;9;287,9;47;2209;0
6,407345224;9;240,2;45;2025;0
6,506052335;9;539,7;63;3969;0
5,369776135;9;47,6;26;676;0
6,484648976;9;409,9;59;3481;0
5,291764695;9;123,9;45;2025;1
6,623949351;9;490,9;62;3844;0
5,283168195;9;3,3;30;900;0
6,442090623;9;139,3;33;1089;0
5,043373796;9;12,8;31;961;0
5,2858968;9;93,9;37;1369;0
4,362699008;9;15,4;24;576;1
5,141372579;9;62,3;35;1225;1
6,184121055;9;125,9;38;1444;1
4,59307;9;66,9;41;1681;0
4,883022284;9;14,2;32;1024;0
5,998808762;9;443,6;61;3721;0
5,48762112;9;115,6;41;1681;0
6,5696746;10;329,9;55;3025;0
4,74131036;9;25,9;25;625;1
5,292340792;10;5,9;33;1089;0
4,776369705;9;87,8;34;1156;0
3,553209413;9;13,9;20;400;1
6,487515054;9;417,9;53;2809;0
4,136191486;9;4,9;38;1444;1
4,356221528;9;5,9;52;2704;1
5,533143411;9;107,4;34;1156;1
4,157113052;9;37,9;29;841;1
5,364953296;9;62,9;32;1024;1
4,790597332;9;51,9;29;841;1
5,564680356;9;38,5;32;1024;0
5,572207263;9;446,4;55;3025;0
5,687374429;9;365,5;69;4761;0
5,166403237;9;69,9;45;2025;0
5,885020806;9;135,6;34;1156;0
6,494990216;9;499,9;62;3844;0
5,629701682;9;20,4;29;841;0
4,475087386;9;65,5;34;1156;1
6,324241273;9;182,5;55;3025;0
5,388340869;9;16,9;51;2601;0
5,214343191;9;63,4;34;1156;0
5,423323144;10;106,8;46;2116;1
4,897410603;9;96,9;43;1849;1
4,920807227;9;477,3;62;3844;0
5,317384429;9;369,7;47;2209;1
3,747469923;9;38;23;529;1
6,408158459;9;390,7;51;2601;0
4,954814221;9;59,7;28;784;0
6,779318032;9;78,8;39;1521;1
5,075618319;9;83,7;30;900;1
6,088296296;9;484,7;59;3481;0
6,471227818;9;501,4;66;4356;1
6,817841512;9;447,9;57;3249;0
6,633241128;9;436,7;57;3249;0
5,465277793;9;125,5;42;1764;1
5,222662744;9;44,2;32;1024;0
5,335144483;9;13,8;26;676;1
6,542787473;9;307,6;55;3025;1
5,288462719;9;147,6;40;1600;0
5,556215905;9;94,7;35;1225;0
4,863134927;9;25,9;58;3364;1
5,42314663;10;398,9;64;4096;0
6,702570438;9;414,5;52;2704;0
5,605205074;9;44,2;48;2304;0
4,619561138;9;3,6;30;900;0
6,888714142;9;201,1;43;1849;0
5,447118764;9;67,7;42;1764;0
6,75936934;9;509,9;69;4761;1
6,679154049;9;354,9;52;2704;0
5,140366863;9;11,5;26;676;0
5,652936449;9;123,9;56;3136;0
5,595905327;9;288,6;58;3364;0
4,479762847;10;73,7;64;4096;0
5,362453463;10;94,5;50;2500;0
6,183438845;9;127,6;36;1296;0
4,64992625;9;25,9;33;1089;0
3,939775234;9;20,9;29;841;1
5,824951623;9;195,6;50;2500;0
4,345403907;9;50,9;28;784;0
5,115077889;10;81,8;47;2209;0
4,45290069;9;40,6;35;1225;0
5,213651584;9;25,9;36;1296;1
5,558021365;9;126,9;38;1444;0
4,619561138;9;3,6;36;1296;1
5,286019558;9;86,3;40;1600;0
4,272091276;9;30,3;31;961;1
5,453034315;9;243,9;42;1764;1
6,227699366;9;123,5;49;2401;0
3,938859659;9;8,9;38;1444;1
4,314747695;9;28,6;25;625;1
4,000395955;9;27,6;37;1369;0
5,621144249;9;64,6;39;1521;1
5,798357536;9;390,6;52;2704;0
4,677017162;9;61,8;32;1024;0
4,331704758;9;83,8;46;2116;0
6,009962402;9;484;61;3721;0
6,662170867;9;442,9;58;3364;0
5,698774958;9;74,9;71;5041;0
5,362949243;9;147,8;46;2116;0
6,013488358;9;424,4;61;3721;0
4,716024831;9;70,5;36;1296;0
4,08176578;9;2,9;40;1600;1
4,764188222;9;58,2;43;1849;1
6,676247154;11;337,5;59;3481;0
5,614080208;9;66,8;30;900;0
4,895450584;9;86,2;26;676;0
5,447683045;9;139,5;36;1296;0
6,518279286;11;338,2;61;3721;0
6,159250239;9;347,6;50;2500;1
5,070403078;9;277,9;45;2025;1
4,536961909;9;18,9;27;729;0
6,06723043;9;309,2;63;3969;1
6,012997295;9;354,9;54;2916;0
5,842868101;9;441,6;57;3249;0
4,439933663;9;0,4;34;1156;1
5,242594539;9;242,8;56;3136;0
5,698317569;9;147,8;39;1521;0
4,965262239;9;95,4;37;1369;1
4,619561138;9;3,6;46;2116;0
6,254591341;9;178,6;49;2401;0
5,766982601;9;187,9;47;2209;0
5,182948602;9;57,2;35;1225;1
3,938859659;9;8,9;24;576;0
4,472561225;9;5,6;24;576;0
4,436226921;9;4,3;30;900;0
5,824426599;9;1,5;35;1225;1
5,811660319;9;3,5;38;1444;1
4,977864138;9;191,9;40;1600;1
5,546892769;9;93,9;42;1764;1
4,518371183;9;52,4;28;784;0
4,61165141;9;134,9;30;900;1
4,172129478;9;27,6;28;784;1
5,044205458;9;75,4;30;900;1
5,338292603;9;86,9;30;900;0
5,292251506;9;106,6;35;1225;0
5,453989032;9;167,8;46;2116;0
5,880624463;9;24,8;32;1024;0
6,663053191;9;453,3;60;3600;0
4,929864405;9;49,4;66;4356;0
4,995461664;9;261,9;41;1681;0
4,847758012;9;16,9;37;1369;0
4,024681824;9;7,2;24;576;1
4,830484108;9;49,2;50;2500;0
6,793165359;9;353,8;68;4624;0
5,898985522;9;59,8;36;1296;1
4,619561138;9;3,6;28;784;0
4,905850539;10;85,6;35;1225;0
5,387574033;9;318,9;42;1764;1
4,549131439;9;171,2;44;1936;1
4,707688416;9;57,8;31;961;1
4,640945065;9;23,4;28;784;0
6,389124272;9;487,9;63;3969;0
5,267607425;9;45,7;28;784;0
6,027328672;9;376,9;63;3969;1
5,341673747;9;67,7;29;841;0
6,225000411;9;365,5;62;3844;0
5,653664805;9;313,2;55;3025;0
5,522626239;9;109,9;34;1156;1
3,529030753;9;15,9;21;441;1
4,867922487;9;53,7;24;576;1
6,024263846;9;354,9;53;2809;0
6,320634592;9;188,5;46;2116;0
6,527809149;9;391,5;54;2916;0
6,257206275;9;438,9;58;3364;0
4,826684411;9;168,8;64;4096;0
4,47195303;9;5,6;28;784;0
6,784188361;11;172,7;47;2209;0
5,737562936;9;11,6;62;3844;1
5,785803225;9;2,9;32;1024;0
5,182722716;9;86,5;35;1225;0
4,619561138;9;3,6;26;676;0
3,474267117;9;42,9;23;529;1
4,554389918;10;101;33;1089;0
4,619561138;9;3,6;28;784;0
4,489652707;9;159,8;42;1764;0
4,854186141;9;32,4;33;1089;0
4,114506602;9;5,7;38;1444;1
5,57046344;9;67,9;39;1521;0
5,626060544;9;172,7;60;3600;0
5,739828281;10;105,8;35;1225;0
5,141085239;9;182,9;33;1089;1
5,005027174;9;185,7;35;1225;0
5,280102478;9;80,9;35;1225;0
5,382866444;9;53,9;30;900;1
5,451946839;9;93,7;66;4356;0
4,188256037;9;3,9;35;1225;0
4,792810904;9;69,5;32;1024;1
5,371174882;9;428,3;65;4225;0
4,955132194;9;38,2;27;729;1
4,701836883;9;76,9;39;1521;1
6,649361098;9;419,1;58;3364;0
6,070360636;9;58,9;45;2025;0
5,377590547;9;74,8;35;1225;0
5,126069445;9;37,8;33;1089;0
4,089815382;9;33,9;49;2401;1
6,510918258;9;50,9;56;3136;1
4,379150343;9;18,6;25;625;0
4,553249901;9;14,4;43;1849;1
5,521476918;9;99,9;36;1296;0
5,492599402;9;126,6;36;1296;0
4,687461901;9;115,8;37;1369;0
5,712301914;9;148,9;45;2025;0
6,116131979;9;250,4;69;4761;0
4,217610854;9;33,9;37;1369;0
6,792533242;9;448,6;63;3969;0
5,159356978;9;0,6;25;625;0
6,04906696;9;368,8;53;2809;0
5,13820063;9;27,3;34;1156;1
5,720508479;9;67,7;35;1225;0
6,303379675;10;357,8;53;2809;0
4,619561138;9;3,6;33;1089;0
5,675461872;9;365,5;64;4096;0
3,908968345;9;12,7;28;784;0
4,558378705;9;71,2;24;576;0
4,878960186;9;111,9;62;3844;0
4,467989285;9;43,7;26;676;1
4,619561138;9;3,6;30;900;0
4,107791623;9;75,9;47;2209;1
5,838455403;9;345,8;47;2209;1
4,237943009;9;20,9;29;841;1
6,780240323;9;510,9;61;3721;0
5,223270492;9;50,5;33;1089;0
6,007767799;10;24,8;32;1024;0
6,800914223;10;442,9;57;3249;1
5,862878051;10;143,7;50;2500;1
6,667060477;10;392,5;55;3025;0
5,111366018;9;118,4;33;1089;1
6,126380528;9;354,9;56;3136;1
4,346534869;9;37,2;26;676;1
5,942756723;10;24,8;35;1225;0
6,049453345;9;145,1;40;1600;0
6,643137828;9;304,3;55;3025;0
5,380860024;9;69,8;37;1369;1
5,589140127;9;445,6;56;3136;0
5,193057856;9;111,9;36;1296;1
4,717290659;9;24,6;27;729;1
5,169924179;10;44,4;35;1225;1
5,519281545;9;137,4;40;1600;0
5,527213431;9;166,3;41;1681;1
5,492287481;10;82;32;1024;1
5,286019558;9;102,9;39;1521;0
4,908109645;9;21,1;37;1369;0
6,371007391;9;336,8;51;2601;0
6,30111143;9;61,7;29;841;1
5,609639364;9;15,6;32;1024;0
6,048792565;9;474,9;66;4356;0
5,861768647;9;147,6;38;1444;1
6,424252951;9;153,3;51;2601;1
6,056157744;9;397,9;58;3364;0
4,720655635;9;85,9;36;1296;1
6,337749198;9;201,1;61;3721;1
5,531155771;9;123,9;44;1936;1
5,315975539;9;33,3;33;1089;0
6,04535241;9;363,7;52;2704;0
4,337549174;9;47,6;27;729;0
5,925289354;9;468,5;61;3721;0
5,796020516;9;0,8;32;1024;1
6,779335372;9;354,9;54;2916;1
6,414520688;10;304,6;55;3025;0
6,515209975;9;110,8;36;1296;0
5,686771946;9;59,5;72;5184;0
4,619561138;9;3,6;33;1089;0
4,781791817;9;4,1;32;1024;0
5,364807108;9;92,4;39;1521;1
5,543555925;9;183,7;54;2916;0
7,220203742;9;354,9;53;2809;0
6,350502863;9;421,9;53;2809;0
5,218514943;9;52,3;39;1521;0
4,728495507;9;28,7;32;1024;1
5,613126282;9;125,9;44;1936;1
5,753421485;9;159,1;51;2601;0
6,303970169;9;148,9;43;1849;0
5,656710084;10;177,4;45;2025;0
5,360107192;9;181,9;59;3481;0
6,60211356;10;484,5;60;3600;0
6,669754085;9;429,4;55;3025;0
6,025150742;9;148,9;51;2601;0
6,552387694;9;393,9;65;4225;0
4,951606898;9;67,7;34;1156;1
5,24602884;10;106,6;35;1225;1
4,177801017;9;15,9;24;576;1
4,226535094;9;8,4;22;484;1
5,653241688;9;392,8;53;2809;0
5,132258355;9;22,7;28;784;1
5,323569689;9;133,8;37;1369;0
5,482214386;9;336,4;50;2500;0
4,298289849;9;8,4;25;625;0
5,257823207;9;114,9;49;2401;0
5,230059209;9;103,5;42;1764;1
4,500450879;9;11,9;25;625;0
5,507424687;9;307,6;50;2500;1
4,232520927;9;8,4;24;576;0
5,755645834;10;35,6;37;1369;0
3,751272565;9;1,7;30;900;0
4,333802787;9;90,9;35;1225;1
3,781665791;9;3,8;28;784;0
4,043445927;9;17,9;47;2209;0
5,548102849;9;4,9;33;1089;1
4,078573117;9;38,9;30;900;0
4,270717273;9;8,2;24;576;0
5,394815477;9;253,6;52;2704;0
4,473232328;9;103,5;43;1849;0
4,281037862;9;8,2;27;729;0
4,228434984;9;1,9;32;1024;0
5,404936295;9;124,8;37;1369;0
4,711500004;9;17,9;52;2704;0
4,145905056;9;2,9;35;1225;1
4,604851954;9;8,4;28;784;1
3,772839305;9;3,9;25;625;1
3,374044169;9;8,9;46;2116;1
4,317875917;9;125,7;40;1600;1
5,001475287;9;62,9;21;441;0
4,174233412;9;6,9;27;729;0
4,560051569;9;140,9;37;1369;1
4,508756898;9;35,8;31;961;0
4,710164726;9;50,2;52;2704;0
4,149101737;9;67,3;27;729;1
3,942874;9;17,3;34;1156;1
4,693551458;9;72,6;30;900;0
4,516942367;9;94,9;30;900;1
3,954681857;9;11,9;44;1936;1
4,415318531;9;23,4;39;1521;1
3,374044169;9;8,4;27;729;1
5,062659761;9;76,8;36;1296;1
4,258615933;9;41,7;30;900;1
3,906768315;9;34,4;43;1849;1
4,824610525;9;22,9;43;1849;1
4,833232529;9;52,8;30;900;0
4,192368;9;53,6;37;1369;0
4,608813541;9;108,7;37;1369;0
4,346826238;9;31,9;38;1444;1
4,76760593;9;131,9;33;1089;1
4,493852568;9;51,9;32;1024;1
3,917268316;9;12,6;28;784;1
4,72010675;9;143,9;30;900;0
4,065547515;9;64,9;35;1225;1
4,704534122;9;111;40;1600;0
5,182863151;9;352,4;48;2304;0
5,134961188;9;105,9;35;1225;1
4,606179676;9;10,3;31;961;1
4,300101474;9;17,1;29;841;1
4,436674608;9;27,6;25;625;1
4,045997482;9;19,5;33;1089;1
4,394752139;9;80,9;36;1296;1
5,926871479;9;16,2;44;1936;0
4,116506259;9;15,9;33;1089;0
3,576022476;9;32,9;24;576;1
4,707535995;9;24,8;32;1024;0
4,131622101;9;78,9;34;1156;1
4,661458145;9;101,8;38;1444;1
4,508711847;9;179,6;59;3481;0
4,039856377;9;0,9;25;625;1
4,143044535;9;9,3;24;576;1
4,154034701;9;71,7;44;1936;1
4,7589773;9;9,9;29;841;1
4,105823877;9;79,4;43;1849;0
5,106018474;9;24,6;31;961;1
3,685264975;9;28,9;28;784;1
4,181262185;9;27,3;30;900;1
3,737604681;9;3,9;25;625;1
4,912860747;9;44,5;56;3136;0
4,438157216;9;46,2;26;676;0
5,544275937;9;111;45;2025;1
3,680767092;9;2,4;33;1089;1
4,23672823;9;109,9;34;1156;1
4,402436252;9;135,9;40;1600;0
3,675880561;9;20,6;33;1089;1
4,842867318;9;67,8;29;841;0
3,717444824;9;44,9;54;2916;1
3,85815223;9;18,7;36;1296;1
4,542958652;9;114,6;35;1225;1
4,840931973;9;6,3;35;1225;0
4,088025396;9;38,5;48;2304;1
3,404849794;9;10,9;47;2209;0
4,281418068;9;64,2;37;1369;1
3,816107643;9;159,9;30;900;1
4,190831735;9;45,9;37;1369;1
4,492444228;9;71,7;34;1156;1
3,934766936;9;11,4;35;1225;1
3,960466789;9;10,9;41;1681;0
4,57136189;9;76,9;26;676;1
3,833466693;9;45,9;27;729;0
4,316005196;9;21,9;42;1764;1
4,098879717;9;14,4;47;2209;1
4,067650516;9;55,7;38;1444;1
4,354597041;9;2,4;49;2401;1
3,761274109;9;58,3;24;576;1
3,80801511;9;6,9;32;1024;0
4,41488702;9;41,8;24;576;1
3,721467644;9;17,9;32;1024;1
4,543347972;9;112,8;38;1444;1
4,385036306;9;126,8;50;2500;0
4,770204925;9;70,9;26;676;1
4,524401268;9;78,3;41;1681;1
4,784209848;9;84,3;27;729;0
4,41526632;9;134,9;32;1024;0
4,987121608;9;18,9;51;2601;0
4,474289822;9;10,4;34;1156;1
3,816712826;9;3,9;35;1225;0
3,896493961;9;122,3;31;961;1
4,353159411;9;4,9;28;784;0
3,850916165;9;40,9;24;576;1
4,60106404;9;153,8;41;1681;1
5,226372089;9;155,9;39;1521;0
3,374044169;9;8,6;20;400;1
4,354281641;9;122,2;37;1369;0
3,853955622;9;30,8;30;900;1
4,115553657;9;87;27;729;1
4,448351556;9;28,9;28;784;0
4,346030218;9;17,2;27;729;1
4,16967338;9;88,2;31;961;1
4,094344562;9;6,9;29;841;1
4,410346254;9;68,9;30;900;1
3,996209563;9;59,9;29;841;1
4,636649033;9;42,1;42;1764;1
4,491973492;9;222,9;37;1369;0
3,427588477;9;7,7;23;529;1
4,398338886;9;95,1;32;1024;1
4,24631104;9;55,3;42;1764;1
4,129214332;9;1,1;28;784;1
4,441990611;9;17,9;48;2304;0
5,164785974;9;2,9;29;841;0
4,727498432;9;92,9;37;1369;0
4,706587711;9;66,2;29;841;1
4,996647925;9;95,1;29;841;1
4,841357389;9;28,9;37;1369;1
5,368456581;9;91,7;34;1156;0
4,59944885;9;10,7;26;676;0
4,158272101;9;6,6;46;2116;0
4,460900828;9;13,5;44;1936;1
4,441067115;9;4,3;41;1681;0
4,00565409;9;60,9;33;1089;1
4,262026655;9;22,9;29;841;1
4,257036583;9;161,9;39;1521;0
4,535427845;9;52,9;23;529;1
3,974865487;9;59,9;41;1681;1
4,684531543;9;36,5;49;2401;0
4,656161389;9;224,9;40;1600;1
3,926884748;9;32,1;32;1024;1
4,14334394;9;3,8;25;625;1
4,882187064;9;144,4;44;1936;1
5,502616286;9;116,9;44;1936;1
4,768737429;9;103,8;30;900;1
3,306020526;10;7,9;45;2025;1
4,74033859;9;102,7;28;784;1
5,1420064;9;31,9;31;961;1
5,061912838;10;116,9;46;2116;0
4,573252558;9;130,6;32;1024;1
4,46399668;9;69,6;36;1296;1
4,963483333;9;79;37;1369;0
4,12755585;9;26,8;39;1521;1
4,458648287;9;29,9;34;1156;1
3,868113864;9;21,3;37;1369;0
4,463730462;9;100,9;31;961;1
3,97764049;9;27,3;52;2704;0
4,029308948;9;22,9;28;784;1
3,626230057;9;25,7;20;400;1
4,597360222;9;31,9;32;1024;1
4,316678695;9;24,9;52;2704;0
4,812014348;9;82,5;33;1089;0
5,04994633;9;38,9;30;900;0
4,119753843;9;45,2;31;961;1
4,113099404;9;44,8;25;625;1
3,832162857;9;105,9;27;729;1
4,850704812;9;17,6;45;2025;1
4,829175366;11;96,9;50;2500;0
4,524916092;9;83,7;26;676;1
4,277719857;9;68,6;34;1156;1
4,878908333;9;22,9;26;676;1
4,52394534;9;34,9;37;1369;1
4,514698283;9;1,9;25;625;1
4,511793136;9;76,9;44;1936;1
3,855784489;9;22,9;41;1681;1
3,816717826;9;1,1;23;529;0
4,829905198;9;155,9;54;2916;0
4,38556865;9;21,9;38;1444;1
3,968618129;9;55,9;55;3025;0
4,922297418;9;23,9;53;2809;1
4,914837864;9;230,1;38;1444;1
5,970563254;9;342,9;61;3721;0
4,823140379;9;110,8;30;900;1
4,338935258;9;52,3;35;1225;1
4,948397155;9;172,7;44;1936;1
4,431936302;9;87,1;36;1296;0
4,509857506;9;3,9;37;1369;1
4,06207569;9;39,2;27;729;1
3,651153986;9;62,9;39;1521;1
4,391782865;9;94,9;25;625;1
3,86590767;9;58,8;23;529;1
3,826445311;9;64,9;30;900;1
4,260000234;9;79,9;28;784;1
4,843438775;9;136,9;35;1225;1
4,757963451;9;94,9;41;1681;0
4,434753844;9;25,9;32;1024;0
4,985768045;9;128,4;44;1936;1
4,206217914;9;26,2;26;676;1
3,432343626;9;11,9;30;900;1
4,998887774;9;111,2;32;1024;1
3,935486482;9;13,9;32;1024;1
4,282215717;9;50,2;26;676;1
4,304725195;9;4,1;34;1156;1
4,511486183;9;7,7;29;841;0
4,006779313;9;64,8;33;1089;1
4,701818313;9;8,4;46;2116;0
5,1474403;9;223,9;48;2304;0
4,180581334;9;2,9;51;2601;0
5,302863834;9;97,4;42;1764;1
5,060929377;9;11,4;33;1089;0
4,605170186;9;3,4;33;1089;0
3,842365952;9;16;37;1369;1
4,542215864;9;45,9;32;1024;1
4,492523087;9;50,5;41;1681;1
4,51696719;9;175,9;41;1681;1
4,516932437;9;97,4;30;900;1
4,059976601;9;8,2;25;625;1
4,773723147;9;147,8;41;1681;1
5,243612998;9;63,9;35;1225;1
4,108486516;9;38,6;28;784;1
4,641929393;9;6,4;29;841;1
4,963868581;9;6,9;49;2401;0
3,582362968;9;16,7;25;625;1
4,452429623;9;32,9;39;1521;0
4,453570039;9;5,2;37;1369;0
3,933121584;9;0,8;50;2500;1
4,90823336;9;30,5;33;1089;1
4,103169147;9;29,9;37;1369;1
3,909219078;9;16,9;38;1444;0
4,434841427;9;103,1;45;2025;1
5,049767134;9;99,7;34;1156;0
5,271148195;9;10,9;42;1764;1
4,909476377;9;61,4;29;841;1
3,847726879;9;33,5;30;900;1
5,465655353;9;91,7;32;1024;1
4,182612094;9;94,5;25;625;1
4,457271136;9;109,9;36;1296;0
3,50998384;9;14,6;20;400;0
4,470529087;9;117,7;40;1600;1
4,146016573;10;2,5;27;729;1
4,549998567;9;77,9;42;1764;0
4,233440934;9;74,9;50;2500;0
4,271028414;9;71,9;37;1369;1
4,229510981;9;205,9;40;1600;1
3,460509199;9;21,5;34;1156;1
3,574654003;9;11,4;21;441;1
4,586654367;9;112,1;33;1089;1
4,321718547;9;9,9;37;1369;1
4,426372413;9;4,9;32;1024;0
4,706010501;9;25,9;28;784;0
4,465516192;9;273,9;41;1681;1
4,757050108;9;155,9;43;1849;1
4,300311435;9;20,9;31;961;1
5,019243591;9;9,8;30;900;0
4,17050913;9;93,7;34;1156;1
4,081462704;9;6,8;36;1296;1
3,992559298;9;7,7;38;1444;0
4,158954104;9;10,8;27;729;1
4,535474145;9;107,8;35;1225;1
3,926459209;9;79,9;27;729;1
4,025493726;9;1,6;54;2916;0
3,885875016;9;17,9;31;961;1
4,092372923;9;5,8;27;729;0
4,327285417;9;25,3;32;1024;1
3,824651233;9;38,3;30;900;0
4,853837933;9;28,2;38;1444;1
4,487056982;9;129,4;28;784;1
3,88185429;9;13,4;28;784;1
4,064018117;9;79,9;23;529;1
4,470295034;9;55,9;42;1764;0
3,681591598;9;5,1;31;961;1
3,996280594;9;3,4;29;841;1
3,563445062;9;17,9;55;3025;1
5,043870179;9;241,9;42;1764;1
5,210193801;9;28,9;45;2025;0
3,772933337;9;13,3;20;400;1
4,275017033;9;43,4;35;1225;1
4,392370677;9;53,9;25;625;1
4,302611334;9;53,9;33;1089;1
4,434152867;9;34,9;33;1089;1
5,056109722;9;136,1;31;961;0
4,0250635;9;72,9;30;900;1
3,824060763;9;36,6;32;1024;1
5,040148494;9;155,9;44;1936;0
4,177243327;9;69,8;29;841;0
4,512289552;9;39,9;33;1089;1
3,541842991;9;4,3;29;841;1
4,40384094;9;78,1;35;1225;1
4,456380112;9;177,4;32;1024;1
4,611159035;9;143,9;35;1225;1
4,133193703;9;23,4;30;900;1
4,463040898;9;10,9;31;961;1
4,220112469;9;10,9;28;784;1
4,182247902;9;13,1;32;1024;1
4,272059566;9;5,7;29;841;1
3,935575278;9;25,3;34;1156;0
3,91802315;9;48,7;31;961;0
4,301480675;9;15,5;28;784;0
3,676220116;9;43,4;27;729;1
4,315483074;9;158,9;37;1369;1
4,008212963;9;29,9;37;1369;1
4,415351505;9;8,9;32;1024;1
3,985036873;9;112,6;31;961;1
5,18165203;9;129,6;36;1296;1
4,458337738;9;178,9;36;1296;1
3,92583177;9;51,6;37;1369;1
3,811876148;9;18,5;32;1024;1
4,257230785;9;6,1;31;961;1
4,788226321;9;28,9;41;1681;1
4,783179428;9;175,9;53;2809;1
3,765419531;9;6,9;41;1681;1
4,094200612;9;8,9;40;1600;1
4,48500363;9;53,9;28;784;1
4,101700772;9;29,8;23;529;0
4,745984934;9;11,2;35;1225;0
3,876197975;9;11,1;36;1296;0
3,503459922;9;1,9;31;961;1
4,2052047;9;19,2;34;1156;0
4,470825476;9;62,1;44;1936;0
4,591211857;9;7,7;29;841;0
5,160809507;9;25,9;41;1681;0
4,549551762;11;32,5;30;900;1
4,166869572;9;33,4;25;625;0
4,923271789;9;143,9;41;1681;0
4,190673507;9;92,7;36;1296;1
4,53827981;9;136,9;39;1521;0
5,388185077;9;177,9;53;2809;1
4,002461835;9;32,4;27;729;1
4,716792871;9;81,9;28;784;0
4,156483189;9;2,9;29;841;1
4,059639396;9;36,7;31;961;0
4,597790752;9;15,9;29;841;0
4,123340541;9;20,6;37;1369;0
4,125839559;9;30,9;35;1225;1
4,434147286;9;16;25;625;1
3,741568932;9;3,9;22;484;1
4,597380837;9;15,9;41;1681;1
4,900030411;9;74,5;52;2704;1
4,469787731;9;132,9;30;900;1
4,395654937;9;26,6;37;1369;1
4,822068275;9;9,5;49;2401;0
4,314112726;9;64,6;33;1089;1
3,838919424;9;25,9;34;1156;1
3,985150952;9;27,1;32;1024;1
4,180087774;9;40,9;38;1444;1
4,196463466;9;79,9;30;900;1
4,911892563;9;95,6;37;1369;1
4,247910656;9;57,4;50;2500;1
3,732852841;9;30,8;51;2601;0
4,761229433;9;71,4;28;784;1
4,317015274;9;126,2;30;900;1
4,08072573;9;62,6;34;1156;1
3,900102235;9;11,9;42;1764;1
4,362464376;9;10,3;29;841;1
4,62407892;9;228,9;45;2025;1
4,820105597;9;293,4;42;1764;1
4,105490548;9;103,5;39;1521;0
4,087056707;9;19,9;35;1225;1
3,417532924;9;15,4;21;441;1
3,742113194;9;42,2;29;841;1
4,583579689;9;24,7;47;2209;1
4,156935165;9;4,2;46;2116;0
3,872265785;9;82,9;34;1156;1
3,812689744;9;8,6;34;1156;0
4,893529302;9;211,9;36;1296;0
4,944369221;9;76,9;45;2025;1
5,244119859;9;102,4;45;2025;0
4,484239588;9;43,8;29;841;1
5,788252291;9;20,6;33;1089;0
3,785423377;9;26,9;27;729;1
4,940324997;9;155,9;45;2025;0
4,811113938;9;36,9;34;1156;0
4,508428983;9;70,4;35;1225;1
4,807535725;9;61,3;35;1225;0
3,673423118;9;148,9;46;2116;1
3,923614653;10;30,9;35;1225;1
3,88309028;9;12,6;27;729;1
4,28131439;9;25,7;31;961;1
4,415554821;9;162,9;32;1024;1
4,566972586;9;104,9;28;784;0
4,262839915;9;50,5;29;841;1
4,660084417;9;67,8;36;1296;1
4,733317508;9;38,8;38;1444;1
5,05098445;9;155,9;44;1936;1
4,203650693;9;13,3;24;576;1
4,532812081;9;97,4;29;841;1
4,296382092;9;70,8;29;841;1
3,893715533;9;17,9;29;841;1
4,744050317;9;11,9;40;1600;1
3,365538801;9;66,6;31;961;1
4,171477446;9;68,5;24;576;0
4,272992714;9;16,9;48;2304;1
4,791272466;9;3,6;36;1296;1
4,080910025;9;58,9;32;1024;1
4,092292458;9;42,2;43;1849;0
4,332860263;9;56,9;37;1369;1
5,551170194;9;69,9;49;2401;1
4,937892543;9;20,9;36;1296;1
4,199362974;9;54,4;32;1024;1
4,046990866;9;49,9;22;484;1
5,251332957;9;33,9;42;1764;1
4,249426626;9;52,8;49;2401;0
4,352533455;9;22,8;33;1089;0
4,314662914;9;107,8;36;1296;1
4,331435845;9;25,9;28;784;0
3,544241153;9;12,8;29;841;1
4,493263035;9;31,1;36;1296;1
4,252451691;9;45,9;31;961;1
3,882280504;9;34,2;42;1764;1
3,981693223;9;23,4;34;1156;0
4,46299374;9;32,4;44;1936;1
4,550137853;9;52,6;24;576;0
4,986327233;9;281,7;46;2116;1
3,736668035;9;2,4;48;2304;0
4,778699415;9;6,9;41;1681;1
3,962155126;9;10,3;29;841;1
4,58911933;9;14,1;51;2601;0
4,293155058;9;63,4;36;1296;0
4,965119536;9;105,3;33;1089;0
4,347816846;9;21,7;22;484;1
4,829538442;9;61,9;34;1156;0
3,867030394;9;32,4;29;841;0
4,409116593;9;1,9;57;3249;1
4,111227751;9;28,5;30;900;1
4,235963475;9;11,9;27;729;1
3,897947131;9;10,7;37;1369;1
4,252451691;9;44,5;37;1369;1
4,170323078;9;32,9;28;784;0
3,961393088;9;20,6;31;961;1
4,802995929;10;2,9;27;729;0
3,609596401;9;23,7;35;1225;1
4,269958064;9;51,5;30;900;0
4,374948069;9;16,9;29;841;1
4,643721969;10;172,9;30;900;1
4,60660325;9;109,9;34;1156;0
4,206574288;9;68,7;34;1156;1
4,899969484;9;21,5;26;676;0
6,001268209;9;85,7;38;1444;0
3,58794725;9;13,9;33;1089;0
3,988525187;9;65,5;34;1156;1
3,687918766;9;8,9;27;729;1
4,045854353;9;45,6;45;2025;1
4,173792688;9;91,7;36;1296;1
4,97137458;9;0,9;45;2025;0
3,81810186;9;11,1;37;1369;1
4,252228524;9;39,5;32;1024;1
4,190198671;9;29,9;39;1521;1
4,304903194;9;77,7;35;1225;1
4,161192205;9;39,9;29;841;0
4,256241139;9;46,9;27;729;1
5,334625188;10;47,3;33;1089;0
5,397307132;9;275,6;46;2116;1
5,407086566;9;351,1;51;2601;0
4,096641165;9;46,9;23;529;1
4,344147748;9;27,9;27;729;0
3,688833999;9;3,9;31;961;1
3,806238157;9;2,2;27;729;0
3,908457566;9;52,4;24;576;1
4,235331051;9;4;31;961;0
4,967677339;9;61,4;30;900;0
4,054555809;9;23,8;31;961;1
4,719046611;9;17,9;28;784;1
4,690551068;9;128,5;40;1600;1
4,37197056;9;56,2;35;1225;1
4,432825062;9;90,8;35;1225;1
4,608516852;9;196,9;40;1600;0
3,826361131;9;48,7;20;400;1
3,910394407;9;4,2;22;484;0
4,205777512;9;9,3;31;961;1
4,48140909;9;50,9;46;2116;1
3,529004086;9;16,9;28;784;1
4,169978966;9;71,3;43;1849;1
5,142539037;9;358,9;45;2025;0
4,679396008;9;19,2;34;1156;1
4,797933252;9;252,9;50;2500;1
3,84163468;9;51,7;52;2704;1
4,660409208;9;55,3;38;1444;1
3,86537441;9;67,7;34;1156;1
4,503258263;9;8,4;35;1225;0
4,588897594;9;201,4;38;1444;1
3,489770039;9;55,9;22;484;1
4,459497857;9;22,8;25;625;1
4,508711847;9;72,8;34;1156;1
4,023596905;9;13,8;30;900;1
3,977001771;9;34,5;38;1444;1
4,333698438;9;93,9;30;900;1
4,150638967;9;22,7;42;1764;1
3,750129549;9;47,4;37;1369;1
4,847445908;9;155,9;40;1600;0
4,428769249;9;24,9;23;529;1
3,768993588;9;15,9;29;841;1
4,869010633;9;23,4;43;1849;0
4,269369996;9;21,3;27;729;1
4,346486813;9;85,4;36;1296;1
4,136235077;9;4,5;32;1024;1
3,546287659;9;6,9;39;1521;1
3,91163202;9;6,8;24;576;1
4,482612132;9;109,9;35;1225;1
4,158410671;9;7,9;41;1681;1
4,297254484;9;4,7;28;784;1
4,749325625;9;46,7;46;2116;0
6,211057256;9;56,9;34;1156;0
4,518589295;9;27,9;31;961;1
4,177651168;9;13,9;31;961;1
4,322807275;9;9,9;38;1444;1
4,464595868;9;61,9;29;841;1
5,406246966;9;35,9;69;4761;0
4,024616843;9;125,9;29;841;1
4,435505465;9;144,4;48;2304;0
4,601374355;9;113,3;33;1089;1
4,006506397;9;6,9;29;841;1
5,166578652;9;26,1;30;900;0
4,7120087;9;22,9;34;1156;1
4,45856408;9;8,9;38;1444;1
4,310246807;9;87,5;48;2304;1
4,039856377;9;1,8;26;676;1
3,476129149;9;7,3;26;676;0
3,831512764;9;3,2;38;1444;0
3,449987546;9;1,9;36;1296;1
4,256595463;9;58,6;25;625;1
4,167668948;9;33,9;37;1369;1
4,934617808;9;154,8;35;1225;0
4,652366006;9;64,9;38;1444;1
4,748345269;9;85,9;29;841;1
5,724097448;9;45,9;57;3249;0
4,058085217;9;27,3;27;729;1
4,407708226;9;25,9;48;2304;0
4,234597162;9;41,9;44;1936;1
4,034280863;9;3,9;33;1089;1
4,15631587;9;27,1;28;784;1
4,381091539;9;6,9;33;1089;0
4,069465663;9;75,8;30;900;0
4,157721187;9;76,2;25;625;1
3,50576895;9;3,3;30;900;1
3,831252116;9;47,8;26;676;1
3,97545438;9;65,8;32;1024;1
3,854610549;9;13,1;29;841;1
4,615387578;9;44,9;33;1089;1
4,723674174;9;99,9;31;961;1
5,363986995;9;105,9;52;2704;0
4,539891997;9;55,8;33;1089;1
4,456374838;9;96,9;43;1849;1
4,520537795;9;75,4;26;676;0
5,043974966;9;109,2;29;841;1
4,312954519;9;18,6;33;1089;0
4,587492118;9;4,8;48;2304;0
4,344265765;9;92,1;32;1024;1
3,86539346;9;11,7;24;576;1
4,103060258;9;73,1;39;1521;1
4,47271354;9;108,9;29;841;1
4,039860377;9;1,1;45;2025;1
4,334175376;9;30,3;42;1764;1
4,041890307;9;58,4;21;441;1
4,596620102;9;155,9;39;1521;0
3,376438858;9;2,9;24;576;1
4,729918805;9;130,6;30;900;1
4,776928573;9;98,6;35;1225;1
3,591354323;9;19,9;31;961;1
4,583753848;9;130,8;29;841;0
4,83493179;9;43,6;24;576;0
4,160912273;9;65,9;36;1296;1
4,351657629;9;41,9;48;2304;1
4,820653564;9;62,5;38;1444;1
4,611057368;9;212,9;36;1296;1
4,646552024;9;31,1;36;1296;1
3,829500711;9;11,9;34;1156;1
4,272344927;9;27,9;25;625;1
3,921203463;9;30,7;35;1225;1
3,880034982;9;11,9;33;1089;0
3,363621376;9;15,1;36;1296;1
4,348143696;9;105,9;42;1764;0
3,883515968;9;6,3;36;1296;1
3,555757069;9;53,9;40;1600;1
4,388147071;9;2,6;35;1225;0
4,066463254;9;103,1;35;1225;1
4,37644575;9;29,9;35;1225;1
4,336957946;9;3,8;24;576;1
4,823874809;9;150,6;34;1156;1
4,12319189;9;2,7;30;900;1
3,607052959;9;4,9;29;841;1
3,995406978;9;73,5;25;625;0
4,198516872;9;69,5;34;1156;1
4,5388264;9;137,7;34;1156;1
5,05055288;9;33,6;32;1024;0
4,081750437;9;28,7;37;1369;1
4,427847025;9;17,8;31;961;1
4,947274261;10;44,9;43;1849;1
5,104540907;9;155,9;49;2401;0
4,490980403;9;27,6;36;1296;1
4,681735526;9;148,9;36;1296;0
4,462860114;9;105,2;35;1225;1
4,976078355;9;28,9;30;900;1
4,070401101;9;17,4;39;1521;1
4,034115932;9;25,9;24;576;1
3,912023005;9;3,8;53;2809;1
4,736937808;9;43,4;30;900;1
4,158176157;9;109,9;33;1089;1
4,497002704;9;8,9;42;1764;1
4,252034426;9;84,8;24;576;1
4,040472187;9;3,3;39;1521;1
4,319253221;9;56,3;29;841;0
4,066661878;9;79,7;27;729;0
4,124899485;9;8,9;24;576;1
4,460517439;9;102,9;59;3481;0
3,997036555;9;50,9;27;729;1
4,274409788;9;11,7;30;900;0
5,30821324;9;137,9;34;1156;0
4,899290579;9;178,9;48;2304;0
3,989139758;9;46,2;39;1521;1
3,389155471;9;5,9;30;900;1
4,42625011;9;103,9;48;2304;0
4,749201657;9;90,5;46;2116;0
4,238802313;9;44,9;27;729;0
4,817061578;9;101,8;28;784;1
4,32959633;9;79,5;32;1024;1
3,417465845;9;11,7;23;529;1
4,477799001;9;53,4;31;961;0
4,116817418;9;2,8;38;1444;0
3,979354498;9;51,7;37;1369;1
3,688663522;9;15,8;36;1296;1
3,887697712;9;11,2;39;1521;1
4,016526336;9;80,2;24;576;1
4,378879643;9;3,4;31;961;1
4,928059089;9;88,9;43;1849;0
3,737810301;9;15,1;29;841;1
4,786371798;9;47,7;35;1225;0
4,732183822;9;94,9;34;1156;1
4,626604725;9;21,2;35;1225;1
5,623614898;9;91,7;37;1369;0
5,503315277;9;43,5;33;1089;1
4,512558612;9;21,5;25;625;1
4,10539315;9;4,9;35;1225;1
4,876715255;9;209,9;59;3481;1
4,95450416;9;130,1;34;1156;1
4,384327962;9;80,9;24;576;1
4,645633571;9;203,7;40;1600;1
4,764114553;9;9,9;35;1225;1
3,844571154;9;93,7;33;1089;1
3,917489853;9;12,6;27;729;1
3,870485793;9;11,9;30;900;1
6,621503698;9;45,4;46;2116;1
4,319625222;9;38,3;25;625;1
4,064225035;9;25,9;38;1444;0
4,54210694;9;81,9;29;841;1
4,040436209;9;94,7;33;1089;1
4,6466218;9;48,9;35;1225;1
4,329632256;9;34,5;23;529;0
4,797222027;9;0,4;37;1369;1
4,826978301;9;122,3;32;1024;1
4,176214271;9;1,9;30;900;1
4,080840918;9;6,8;49;2401;0
4,188276382;9;0,9;21;441;1
4,325132157;9;16,5;24;576;1
4,43564549;9;1,3;35;1225;0
5,224515466;9;155,9;41;1681;1
4,176974828;9;5,9;24;576;0
4,226332624;9;90,7;48;2304;1
4,653616135;9;74,9;29;841;1
3,876551256;9;13,9;40;1600;1
4,36516366;9;50,8;26;676;1
4,763847747;9;14,4;38;1444;1
3,951352978;9;21,5;31;961;1
4,562224726;9;99,9;41;1681;1
5,269505115;9;155,9;52;2704;0
4,080295578;9;95,9;27;729;1
4,21508618;9;9,9;29;841;1
4,364978732;9;12,8;32;1024;1
4,354497759;9;61,4;38;1444;1
4,438594912;9;25,9;41;1681;1
3,769558323;9;74,2;32;1024;1
4,525780106;9;35,4;33;1089;1
4,390469022;9;78,8;28;784;1
4,055276868;9;59,1;40;1600;1
4,237089534;9;59,5;31;961;1
4,376328614;9;3,6;27;729;0
4,151798387;9;38,2;25;625;1
3,799212586;9;80,9;40;1600;0
4,438594912;9;25,9;49;2401;0
4,96546199;9;97,8;38;1444;1
4,862231956;9;102,7;30;900;1
4,574293834;9;79,5;38;1444;1
4,556032461;9;55,1;28;784;1
5,249190384;9;142,9;36;1296;0
4,221481024;9;58,9;35;1225;1
3,936378532;9;103,5;30;900;1
3,671218736;9;7,6;30;900;1
4,237834724;9;12,7;30;900;0
4,917429565;9;130,5;35;1225;1
4,299931562;9;50,3;30;900;1
4,73253945;9;137,4;39;1521;1
3,903665451;10;28,9;31;961;1
4,070691041;9;1,9;44;1936;1
3,938340314;9;4,9;25;625;1
4,652216406;9;161,6;46;2116;1
4,499195593;9;47,8;21;441;1
4,80581898;9;145,9;32;1024;1
5,079075286;10;155,9;37;1369;1
3,869423865;9;14,7;28;784;1
3,933260877;9;17,9;24;576;1
4,65710691;9;102,9;39;1521;1
4,376944995;9;17,6;27;729;0
4,58285086;9;101,3;30;900;0
4,39579505;9;65,9;36;1296;0
4,165180683;9;5,9;25;625;1
4,263959468;9;6,8;35;1225;1
4,637859564;9;66,9;48;2304;1
4,555695811;9;109,9;32;1024;1
3,82860187;9;14,2;31;961;1
5,052339808;9;16,7;37;1369;0
4,315188502;9;47,3;52;2704;0
4,218059464;9;18,3;39;1521;1
4,607537835;9;18,2;43;1849;1
3,633991189;9;2,9;35;1225;1
4,853394745;9;106,9;35;1225;0
5,24577329;9;67,9;22;484;0
4,280635503;9;14,8;29;841;1
4,871002207;9;134,9;30;900;0
3,815992566;9;103,5;28;784;0
4,81955733;9;4,9;33;1089;0
4,647107921;9;191,9;53;2809;1
3,705283935;9;20,4;27;729;1
4,543604212;9;68,7;39;1521;0
4,95139182;9;161,9;54;2916;1
5,114267499;9;119,6;32;1024;0
3,830985485;9;52,2;24;576;1
4,310227712;9;43,8;30;900;1
4,515392175;9;303,7;39;1521;1
4,452172629;9;26,8;32;1024;0
4,227712589;9;5,6;31;961;0
4,395269806;9;20,6;30;900;1
4,28166748;9;14,9;36;1296;0
3,881873028;9;14;39;1521;1
3,480624515;9;13,9;34;1156;1
3,596365362;9;9;30;900;1
4,40717923;9;16;35;1225;0
4,389507955;9;21,9;33;1089;1
4,777699638;9;74,7;42;1764;0
4,637690178;9;81,6;26;676;0
4,136347677;9;30,8;27;729;1
3,717080318;9;5,9;29;841;1
4,273992092;9;108,5;36;1296;1
4,596099627;9;28,9;30;900;1
4,838021014;9;119,9;29;841;0
4,105542989;9;13,1;36;1296;0
5,930192201;9;202,5;45;2025;1
4,91977022;9;85,9;55;3025;0
3,91395296;9;57,4;29;841;1
4,222177934;10;1,8;25;625;0
4,462459127;9;190,8;39;1521;1
4,311454798;9;44,4;46;2116;1
3,382331134;9;2,9;30;900;1
4,323084545;9;2,2;30;900;0
4,44771861;9;6,6;42;1764;1
4,300551557;9;100,6;42;1764;1
4,333916069;9;142,9;36;1296;1
4,298055054;9;73,9;37;1369;0
4,787092042;9;122,3;32;1024;0
4,255902803;9;37,9;48;2304;1
4,523762911;9;1,1;42;1764;1
4,269233261;9;131,7;35;1225;1
4,376548589;9;3,9;32;1024;1
4,120388811;9;27,6;39;1521;1
4,11622465;9;62,6;31;961;1
3,842599847;9;16;34;1156;1
5,54621916;9;250,9;59;3481;0
5,299853686;9;63,8;44;1936;0
4,392938474;9;84,9;27;729;0
4,465908119;9;111,9;26;676;1
4,469316098;9;34,9;28;784;1
5,123234547;9;175,9;58;3364;0
4,308927332;9;54,2;31;961;1
4,6213902;9;125,5;50;2500;1
4,079899828;9;28,9;33;1089;1
4,968074099;9;90,5;35;1225;1
4,56392907;9;98,8;53;2809;0
4,480678333;9;116,9;33;1089;1
4,34097675;9;46,8;39;1521;0
4,423004981;9;41,3;26;676;1
4,947611585;9;274,8;42;1764;0
5,541578112;9;103,5;51;2601;1
4,331005432;9;134,5;29;841;1
4,268697949;9;0,9;28;784;1
4,945855936;9;21,5;26;676;0
4,03656296;9;28,7;29;841;1
3,50598728;9;34,9;42;1764;1
4,878249565;9;57,6;27;729;1
4,581291901;9;143,9;40;1600;0
4,633001769;9;32,1;31;961;0
4,458140305;9;60,7;29;841;1
4,740644293;9;261,9;49;2401;0
4,86403182;9;3,9;32;1024;0
4,73607683;9;53,2;34;1156;1
4,499145308;9;77,2;27;729;1
3,711535626;9;5,9;43;1849;0
3,979826078;9;18,7;35;1225;0
4,835137674;9;142,9;39;1521;1
4,060525296;9;6,6;26;676;1
4,088517009;9;2,4;32;1024;1
4,29420708;9;70,8;31;961;1
4,149033958;9;7,9;27;729;1
4,135162557;9;0,9;21;441;0
4,827618951;9;85,4;38;1444;1
4,269048797;9;174,9;40;1600;1
4,873943936;9;104,9;28;784;0
4,652659504;9;19,3;50;2500;1
4,745691674;9;145,5;58;3364;1
3,798024278;9;29,8;19;361;1
4,116817418;9;18,6;29;841;1
4,416117846;9;9,8;29;841;1
4,92675356;9;40,9;34;1156;1
4,611154517;9;185,7;34;1156;1
4,737716434;9;91,8;28;784;1
4,116817418;9;1,1;29;841;1
5,020016906;9;191,9;49;2401;0
4,28981166;9;89,7;54;2916;1
4,877538439;9;208,3;45;2025;0
4,144057821;9;32,9;50;2500;1
3,90595463;9;20,2;29;841;1
5,434055414;9;155,9;58;3364;0
5,04974965;9;155,9;41;1681;1
4,258545221;9;2,2;34;1156;1
3,765687916;9;38,8;26;676;1
4,199705078;9;2,9;32;1024;1
4,372997357;9;75,9;32;1024;1
5,061118109;9;28,9;39;1521;1
4,662294571;9;85,9;33;1089;1
4,087529727;9;4,9;28;784;0
4,333570222;9;3,9;27;729;0
3,858478375;9;7,7;30;900;0
4,478126792;9;224,4;38;1444;1
4,740126132;9;99,7;33;1089;1
5,09179486;9;155,9;44;1936;0
4,281358376;9;2,8;44;1936;0
3,524312975;9;7,5;29;841;1
4,08871511;9;21,9;27;729;0
4,028932933;9;29,9;27;729;0
4,773137315;9;74,9;41;1681;1
4,061766586;9;74,9;29;841;1
4,735845515;9;98,9;35;1225;0
3,610904399;9;37,4;63;3969;1
3,732020576;9;119,1;44;1936;1
4,736836204;9;54,9;37;1369;1
4,669533266;9;45,8;39;1521;0
4,240764135;9;7,3;36;1296;1
3,874226732;9;24,9;26;676;1
3,836647797;9;10,8;27;729;1
4,343657831;9;38,8;30;900;1
3,966386355;9;3,5;34;1156;1
4,181970334;9;77,2;32;1024;1
4,052855521;9;71,4;28;784;1
4,282648818;9;71,3;35;1225;0
5,229357302;9;17,9;55;3025;0
3,726016486;9;111,9;32;1024;1
4,830324442;9;140,8;33;1089;1
3,739540162;9;59,9;41;1681;1
5,229285042;9;11,5;32;1024;0
3,545533825;9;3,9;30;900;1
4,784806322;9;155,9;35;1225;1
5,507928862;9;155,9;41;1681;0
4,627359668;9;2,7;30;900;0
4,408391629;9;101,3;31;961;1
5,400252249;9;28,9;38;1444;1
4,748735164;9;28,7;27;729;0
4,415197617;9;16,9;27;729;0
4,663312585;9;18,8;38;1444;0
4,992929467;9;16,9;28;784;0
4,157120167;9;28,5;35;1225;1
4,199083294;9;32,8;36;1296;0
5,33115191;9;226,9;50;2500;0
4,098525205;9;17,9;25;625;0
4,680117416;9;72,3;34;1156;1
4,338964918;9;38,8;33;1089;1
4,706889535;9;67,9;27;729;0
5,711304868;9;60,9;45;2025;1
5,016894453;9;75,6;29;841;0
4,274169318;9;16,4;35;1225;1
4,429519963;9;12,3;31;961;0
4,398827882;9;2,4;32;1024;1
5,229043652;9;11,7;27;729;1
5,02952693;9;58,9;37;1369;1
3,971680315;9;14,3;30;900;0
5,435534572;9;227,6;41;1681;0
3,822983599;9;32,9;32;1024;1
5,933178559;9;161,3;44;1936;1
4,816439885;9;30,9;39;1521;0
5,035421029;9;26,9;31;961;0
5,830923607;10;38,3;33;1089;0
3,916929132;9;11,9;21;441;0
4,456206033;9;72,9;36;1296;1
4,238684285;9;44,5;26;676;0
4,313604826;9;86,6;33;1089;0
4,964181943;9;6,9;29;841;0
5,187615592;9;205,8;36;1296;1
4,494741292;9;102,9;32;1024;1
4,590681641;9;71,9;43;1849;1
5,458615024;9;56,7;34;1156;0
5,44608571;9;283,7;43;1849;1
4,472373588;9;125,9;36;1296;0
4,638235631;9;15,4;38;1444;1
4,797543329;9;78,8;35;1225;1
5,452692372;9;160,4;51;2601;0
3,979435234;9;20,9;41;1681;1
4,68713552;9;70,1;27;729;1
4,321769843;9;49,9;35;1225;1
5,28854477;11;167,6;38;1444;1
4,719257512;9;5,2;41;1681;0
4,609381759;9;101,7;31;961;0
4,002229273;9;7,9;37;1369;1
4,810618089;9;52,1;36;1296;1
4,684434969;9;104;34;1156;0
4,379312728;9;12,9;28;784;1
4,819839752;9;227,8;35;1225;0
4,548946095;9;9,9;39;1521;0
4,376082869;9;81,9;37;1369;0
3,562807186;9;2,5;23;529;1
4,441399136;9;8,9;26;676;0
4,992582408;9;106,9;30;900;1
5,346170945;9;71,5;31;961;1
5,198519633;9;289,9;53;2809;0
3,900552929;9;77,5;23;529;0
5,250758716;9;112,9;52;2704;0
5,234218749;9;74,7;40;1600;0
5,35893771;9;71,5;31;961;1
5,385401658;9;196,9;42;1764;0
4,959922374;9;131,5;36;1296;0
5,538098113;9;10,9;49;2401;1
4,679271502;9;38,5;38;1444;0
5,138287316;9;115,8;38;1444;0
5,184922134;9;109,2;33;1089;0
5,237779318;9;155,9;46;2116;0
4,372593074;9;140,6;29;841;1
5,538728963;9;17,3;38;1444;0
5,305785246;9;34,9;36;1296;0
5,230331699;10;146,7;36;1296;1
4,610309231;9;35,5;25;625;1
4,71999329;9;6,9;32;1024;0
4,47811905;9;24,9;27;729;1
4,433683357;9;80,4;31;961;1
5,369026794;10;244,6;49;2401;1
4,301740526;9;6,8;26;676;0
4,967056979;9;10,9;26;676;0
4,783032954;9;21,9;26;676;1
4,585829815;9;22,5;23;529;0
4,039572337;9;4,7;26;676;0
5,04974965;9;40,6;39;1521;1
5,378670166;9;70,1;38;1444;0
4,084592621;9;11,6;29;841;1
4,677334387;9;28,7;27;729;0
4,369729458;9;113,8;45;2025;1
5,270183242;9;149,6;39;1521;0
4,906975352;9;67,8;33;1089;1
4,039856377;9;3,8;28;784;0
4,907079546;9;12,3;35;1225;1
4,672743869;9;35,3;24;576;1
4,892363503;9;115,8;35;1225;0
4,517799654;9;52,9;46;2116;1
4,174488663;9;5,2;34;1156;1
5,382232288;9;83,4;36;1296;0
4,948114937;9;7;29;841;0
4,690596975;9;1,3;31;961;1
4,877181994;9;97,9;30;900;0
4,15170182;9;188,4;33;1089;0
5,572052921;9;162,9;56;3136;0
4,905655177;9;67,8;33;1089;1
4,336529905;9;55,8;29;841;0
4,222177934;9;2,4;28;784;1
5,247943506;9;58,6;36;1296;0
5,393795921;9;83,4;36;1296;0
5,304337843;9;27,9;29;841;0
5,142917422;9;246,9;48;2304;0
5,237460544;9;63,8;37;1369;0
4,420457591;9;6,9;40;1600;0
4,673453109;9;112,6;31;961;1
4,252632775;9;65,9;32;1024;1
4,051484507;9;8,9;23;529;1
3,934260278;9;11,9;38;1444;0
4,543323795;9;21,7;26;676;0
4,967632894;9;20,7;36;1296;0
4,897384472;9;18,9;37;1369;1
4,737346115;9;20,6;24;576;0
4,307618355;9;52,8;30;900;1
4,426994568;9;8,9;24;576;1
5,25297285;9;38,9;59;3481;1
4,097306082;9;107,5;29;841;1
4,512902872;9;79,9;29;841;0
4,815169548;9;78,8;35;1225;1
5,216664746;9;15,9;38;1444;0
5,66528338;9;121,9;52;2704;1
5,348335132;9;105,7;42;1764;0
5,078122588;9;131,3;33;1089;1
4,666209695;9;19,4;28;784;1
4,245852142;9;15,8;41;1681;0
4,473683455;9;69,4;30;900;0
4,454637952;9;28,9;33;1089;1
4,787207612;9;6,9;25;625;1
3,773335486;9;46,9;29;841;1
4,567829341;9;57,6;34;1156;0
5,184237126;9;47,6;44;1936;0
4,720754847;9;22,9;28;784;0
4,99773732;9;128,2;33;1089;1
5,010056339;9;45,9;32;1024;1
5,038773553;9;155,9;43;1849;0
4,260321144;9;4,8;24;576;0
4,952336658;9;215,9;37;1369;0
4,176469018;9;43,6;26;676;0
4,969497593;9;45,9;32;1024;1
4,968458215;9;11,9;37;1369;0
5,297286153;9;155,9;54;2916;1
4,805311196;9;1,6;31;961;1
4,746444818;9;10,5;25;625;1
4,512331948;8;103,8;37;1369;1
4,364819783;9;93,5;30;900;1
5,511822618;9;73,9;32;1024;0
4,463444271;9;79,2;28;784;0
3,902399576;8;9,3;24;576;0
4,000999118;8;54,4;37;1369;0
4,403034529;9;108,5;27;729;1
4,259049737;8;57,6;39;1521;1
4,948187515;9;27,8;34;1156;1
4,707673442;9;63,6;29;841;1
4,150313085;8;62,6;34;1156;1
4,841414815;9;11,9;27;729;0
4,803353907;9;103,5;32;1024;1
4,570519921;9;35,6;33;1089;1
5,210122562;9;122,3;37;1369;0
4,057319014;9;103,5;41;1681;1
5,029177323;9;61,6;45;2025;1
4,598161592;9;29,8;34;1156;1
4,195604637;9;59,1;25;625;1
3,888298333;7;21;23;529;1
4,311290158;9;17,9;24;576;1
3,889898229;9;2,9;20;400;1
5,771206412;9;226,2;65;4225;0
4,730548747;9;104,3;31;961;0
4,087899596;7;45,9;31;961;1
4,774138399;9;71,2;31;961;0
4,123233826;7;15,8;52;2704;0
5,136608269;8;119,9;34;1156;1
4,793306245;9;143,9;33;1089;0
4,537951713;9;76,9;30;900;1
4,072679748;9;42,9;27;729;1
4,624337808;9;79,3;35;1225;1
5,096728194;9;81,6;34;1156;1
3,778279345;8;42,9;39;1521;1
4,428080374;9;3,4;37;1369;1
3,680469187;8;46,9;26;676;1
3,863610724;9;34,6;27;729;1
4,239955636;9;13,8;23;529;0
4,138839802;8;19,2;42;1764;1
4,068813056;8;136,9;32;1024;1
4,347031505;9;11,9;25;625;0
5,986022265;9;125,5;36;1296;1
4,526289303;9;106,9;31;961;1
4,375921728;9;28,9;33;1089;1
4,210803489;9;102,5;37;1369;1
4,90915428;9;92,4;35;1225;1
5,083978688;9;11,8;34;1156;1
4,249523934;9;74,7;31;961;1
4,223244032;9;10,9;29;841;0
4,616092142;9;74,5;42;1764;0
4,57077635;7;46,9;41;1681;1
4,202947543;9;23,2;28;784;1
4,557634235;7;157,9;41;1681;0
5,23492086;9;64,3;31;961;0
4,826930964;9;8,9;29;841;1
4,023804228;9;40,8;28;784;0
4,650178315;9;67,8;26;676;1
4,23071142;9;0,4;29;841;0
4,856114596;9;104,8;33;1089;0
3,536965853;7;19;22;484;1
4,40018185;9;81,3;28;784;1
4,819414254;9;73,6;30;900;0
4,160210327;9;40,8;28;784;1
5,199415745;9;150,5;38;1444;0
4,371479734;9;7,7;30;900;1
4,304715987;8;53,7;24;576;1
3,929795945;9;38,8;24;576;1
3,71135231;7;1,7;29;841;0
5,529597063;9;98,8;45;2025;0
5,20202533;9;27,9;38;1444;0
4,603505164;9;80,9;29;841;1
4,201274301;8;88,5;24;576;0
4,222211267;9;3,4;31;961;1
4,35884233;9;89,9;38;1444;0
4,477809327;9;73,9;37;1369;1
4,36216304;9;100,6;31;961;1
3,793556782;7;32,2;30;900;0
4,529265986;9;55,8;61;3721;0
4,38094935;9;33,9;38;1444;0
3,801269184;9;30,7;27;729;1
4,724420831;9;100,9;28;784;1
4,386417549;9;40,4;28;784;1
4,312103948;8;46,2;39;1521;1
4,509504943;9;65,2;25;625;1
4,120890593;9;4;34;1156;1
4,78180896;9;31,7;32;1024;0
4,58672845;9;10,3;41;1681;1
5,03903426;9;103,5;29;841;1
4,174719383;8;61,6;24;576;1
3,90158692;9;4;23;529;1
5,153099379;9;49,9;45;2025;0
4,166806158;9;7,7;23;529;0
3,999255191;8;35,4;28;784;1
4,486867697;7;85,9;31;961;0
5,003192666;9;73,8;32;1024;1
3,998321628;8;11,9;31;961;1
4,661366192;9;8,9;24;576;0
4,127423933;9;44,8;28;784;1
4,991216139;9;202,1;49;2401;1
4,101297606;9;36,7;26;676;1
4,371505573;8;9,3;21;441;0
4,912151751;9;51,8;36;1296;0
4,21734628;9;14,9;28;784;1
4,831514065;9;74,2;31;961;0
3,624340933;7;4,9;34;1156;1
4,665146469;9;83,7;49;2401;0
3,941511196;9;18,2;26;676;0
4,29751729;9;68,4;40;1600;1
4,332490169;8;84,5;30;900;0
4,956474735;9;100,6;36;1296;1
4,654172232;9;10,5;31;961;0
4,247627983;9;4,8;33;1089;1
4,869152023;9;17,5;30;900;1
6,129493467;9;32,9;54;2916;0
4,334220078;9;27,9;43;1849;1
4,685212124;9;5,4;34;1156;0
4,238861322;9;10,8;30;900;0
4,504342312;9;9,2;24;576;1
4,321736651;9;59,8;30;900;0
3,150957052;8;63,9;49;2401;1
4,250940302;9;18,9;36;1296;0
3,878234748;7;31,9;22;484;1
4,813541527;9;44,9;33;1089;1
3,92316075;9;104,7;29;841;1
4,85514455;9;95,8;35;1225;1
5,339718393;9;150,9;53;2809;0
3,921329565;8;17,4;23;529;1
4,215673492;9;11,9;34;1156;1
4,295824847;9;64,5;29;841;1
4,440721588;9;44,2;32;1024;1
4,958416532;9;109,2;27;729;0
4,261087701;9;8,9;41;1681;1
4,448016517;7;104,8;29;841;0
4,644163601;9;103,5;30;900;1
4,582017864;9;58,9;44;1936;1
4,222177934;9;1,1;29;841;1
4,090028443;7;155,9;48;2304;1
4,056221731;9;103,5;44;1936;0
3,487430678;8;37,4;21;441;1
4,262855918;9;133,9;30;900;1
5,693989681;9;32,9;47;2209;0
4,979179026;9;249,9;54;2916;1
4,375468244;9;1,6;43;1849;1
4,81411892;9;96,9;31;961;1
4,542070629;9;64,3;25;625;1
4,161415386;8;1,8;28;784;1
4,378144107;9;55,2;24;576;0
4,768563733;9;6,9;36;1296;0
4,576836179;9;109,9;38;1444;0
4,92646121;8;119,9;34;1156;1
4,237155212;8;67,9;28;784;1
4,3586097;9;68,7;39;1521;1
4,438047091;9;56,5;29;841;1
3,766192916;8;39,7;27;729;0
5,04839661;9;129,8;48;2304;1
4,820241242;9;89,6;37;1369;1
4,274238933;9;12,8;33;1089;0
4,198178914;9;28,9;26;676;1
4,492350099;8;32,4;25;625;1
3,717925106;7;69,9;45;2025;1
3,660206665;7;36,9;37;1369;0
4,222613172;9;25,3;33;1089;1
4,109464526;7;46,6;31;961;1
4,681109872;9;72,9;41;1681;1
4,20861639;9;43,3;23;529;1
4,402686737;9;119,9;36;1296;0
4,332630463;9;58,5;29;841;1
4,144349717;9;88,7;30;900;1
4,739597768;9;161,8;32;1024;1
4,368060239;9;22,7;26;676;1
4,380994853;7;57,4;32;1024;1
4,670583325;9;42,9;30;900;1
4,105456834;8;101,9;40;1600;0
4,668764512;9;8,7;35;1225;1
3,997921263;9;10,2;31;961;1
3,957530732;7;87,9;25;625;1
3,664365519;7;8,8;29;841;1
4,679809089;9;68,4;37;1369;1
5,013780343;9;249,9;66;4356;0
3,076474038;8;28,4;24;576;1
6,091722127;9;237,9;51;2601;1
4,676507277;9;136,3;30;900;1
4,804136537;9;80,9;38;1444;1
4,070940229;7;13,9;29;841;1
3,941625937;8;38,9;31;961;1
4,692069057;9;40,6;29;841;1
4,38026941;9;80,4;29;841;1
4,779094081;9;58,9;30;900;0
4,046843907;8;16,9;34;1156;1
4,538377004;9;41,5;27;729;1
4,985942;9;103,5;30;900;0
4,158816117;9;56,9;55;3025;1
4,058226606;7;11,9;34;1156;1
4,232445046;9;13,3;33;1089;1
4,882128487;8;8,9;35;1225;0
4,576363782;9;9,3;27;729;0
4,983684452;9;84,8;29;841;0
4,153410037;8;12,8;33;1089;0
4,469946453;7;21,3;24;576;1
3,79026422;9;11,2;25;625;0
3,98444937;9;11,9;28;784;1
3,683181433;7;20,9;43;1849;1
3,892640926;9;11,2;27;729;1
4,430741038;8;27,3;28;784;1
5,316519741;9;77,9;39;1521;1
3,913476494;9;82,3;23;529;1
4,100078094;7;28,9;27;729;0
4,299407457;9;40,4;30;900;1
4,270062926;9;26,2;24;576;1
3,815722335;8;11,6;24;576;1
5,095463735;9;110,9;37;1369;0
3,714685637;7;15,9;22;484;1
4,447750533;9;75,8;38;1444;0
4,294585413;9;25,7;28;784;1
4,642109014;9;97,7;42;1764;1
3,813000945;7;80,7;38;1444;1
3,98871465;7;31,7;28;784;1
4,089921918;7;95,9;36;1296;0
4,26068044;7;71,5;28;784;1
5,329327785;9;107,3;48;2304;0
4,136565578;7;11;28;784;1
4,460827313;7;100,7;42;1764;1
5,723609067;9;226,2;55;3025;0
4,56854628;9;72,9;27;729;0
4,998177717;9;62,9;26;676;0
3,632747919;8;10,8;25;625;0
4,681758683;9;94,9;29;841;1
5,14938368;9;250,9;40;1600;1
4,298360894;9;141,9;36;1296;1
5,274870883;9;369,4;49;2401;1
4,270396506;9;4;35;1225;0
4,382640083;9;74,9;29;841;0
4,68136494;9;41,5;28;784;1
4,304900125;9;23,9;29;841;1
3,719397637;8;10,9;32;1024;1
3,840971198;9;42,9;28;784;1
4,294408669;8;61,9;23;529;0
3,924912308;8;6,8;29;841;1
4,998302895;9;98,8;38;1444;0
3,764092335;9;11,9;25;625;1
4,708571511;9;43,6;33;1089;1
4,62148881;9;45,7;31;961;1
4,252370839;9;40,8;35;1225;1
4,465796043;9;22,8;36;1296;0
4,337044127;7;27,9;47;2209;1
5,064163135;9;103,5;36;1296;1
4,440574235;9;107,8;32;1024;1
4,457102482;8;177,9;43;1849;1
4,035498897;9;7,5;30;900;1
5,148495429;9;171,9;39;1521;0
4,654055584;9;21,7;25;625;0
4,315364648;9;13,3;31;961;1
4,021541682;9;25,7;22;484;1
3,886215567;8;76,9;27;729;1
4,23071142;9;0,4;28;784;1
4,304237069;7;4;35;1225;1
4,281773006;9;103,5;31;961;1
5,431768131;9;43,5;29;841;0
5,561680258;9;40,9;41;1681;0
3,373670453;9;75,9;28;784;1
4,336399078;9;32,9;28;784;1
5,167228443;9;255,9;53;2809;0
4,447790435;9;1,6;38;1444;1
4,454466211;9;0,6;25;625;1
4,514245376;9;35,7;36;1296;0
4,702903049;9;33,5;29;841;1
4,125064796;9;103,5;30;900;1
4,695746036;9;17,9;35;1225;0
3,96743191;9;43,6;26;676;1
4,134846506;9;43,7;26;676;1
4,824019074;9;38,9;35;1225;0
5,017436357;9;100,4;39;1521;0
4,58529442;9;100,9;38;1444;1
5,213678792;9;36,7;27;729;0
4,802012696;9;41,7;33;1089;1
4,510717139;9;16,9;27;729;0
5,497627136;9;43,5;33;1089;1
4,809690487;9;17,9;32;1024;1
4,155026223;9;56,9;33;1089;1
4,014251348;9;71,9;31;961;0
4,698213335;9;59,9;32;1024;0
